Employee,EmployeeName,Department,Salary
1,Alice,11,300
2,Bob,11,600
3,Carla,12,900
4,Daniel,12,1000
5,Evelyn,13,800
6,Ferdinand,21,700
8,Bob,11,600
9,Carla,12,900
10,Daniel,12,1000
11,Evelyn,13,800
12,Ferdinand,21,700
13,Alice,11,300
14,Bob,11,600
16,Daniel,12,1000
17,Evelyn,13,800
18,Ferdinand,21,700
19,Alice,11,300
20,Bob,11,600
21,Carla,12,900
22,Daniel,12,1000
24,Ferdinand,21,700
25,Alice,11,300
26,Bob,11,600
27,Carla,12,900
28,Daniel,12,1000
29,Evelyn,13,800
30,Ferdinand,21,700
32,Bob,11,600
33,Carla,12,900
34,Daniel,12,1000
35,Evelyn,13,800
36,Ferdinand,21,700
37,Alice,11,300
38,Bob,11,600
40,Daniel,12,1000
41,Evelyn,13,800
42,Ferdinand,21,700
43,Alice,11,300
44,Bob,11,600
45,Carla,12,900
46,Daniel,12,1000
48,Ferdinand,21,700
49,Alice,11,300
50,Bob,11,600
51,Carla,12,900
52,Daniel,12,1000
53,Evelyn,13,800
54,Ferdinand,21,700
56,Bob,11,600
57,Carla,12,900
58,Daniel,12,1000
59,Evelyn,13,800
60,Ferdinand,21,700
61,Alice,11,300
62,Bob,11,600
64,Daniel,12,1000
65,Evelyn,13,800
66,Ferdinand,21,700
67,Alice,11,300
68,Bob,11,600
69,Carla,12,900
70,Daniel,12,1000
72,Ferdinand,21,700
73,Alice,11,300
74,Bob,11,600
75,Carla,12,900
76,Daniel,12,1000
77,Evelyn,13,800
78,Ferdinand,21,700
80,Bob,11,600
81,Carla,12,900
82,Daniel,12,1000
83,Evelyn,13,800
84,Ferdinand,21,700
85,Alice,11,300
86,Bob,11,600
88,Daniel,12,1000
89,Evelyn,13,800
90,Ferdinand,21,700
91,Alice,11,300
92,Bob,11,600
93,Carla,12,900
94,Daniel,12,1000
96,Ferdinand,21,700
97,Alice,11,300
98,Bob,11,600
99,Carla,12,900
100,Daniel,12,1000
101,Evelyn,13,800
102,Ferdinand,21,700
104,Bob,11,600
105,Carla,12,900
106,Daniel,12,1000
107,Evelyn,13,800
108,Ferdinand,21,700
109,Alice,11,300
110,Bob,11,600
112,Daniel,12,1000
113,Evelyn,13,800
114,Ferdinand,21,700
115,Alice,11,300
116,Bob,11,600
117,Carla,12,900
118,Daniel,12,1000
120,Ferdinand,21,700
121,Alice,11,300
122,Bob,11,600
123,Carla,12,900
124,Daniel,12,1000
125,Evelyn,13,800
126,Ferdinand,21,700
128,Bob,11,600
129,Carla,12,900
130,Daniel,12,1000
131,Evelyn,13,800
132,Ferdinand,21,700
133,Alice,11,300
134,Bob,11,600
136,Daniel,12,1000
137,Evelyn,13,800
138,Ferdinand,21,700
139,Alice,11,300
140,Bob,11,600
141,Carla,12,900
142,Daniel,12,1000
144,Ferdinand,21,700
145,Alice,11,300
146,Bob,11,600
147,Carla,12,900
148,Daniel,12,1000
149,Evelyn,13,800
150,Ferdinand,21,700
152,Bob,11,600
153,Carla,12,900
154,Daniel,12,1000
155,Evelyn,13,800
156,Ferdinand,21,700
157,Alice,11,300
158,Bob,11,600
160,Daniel,12,1000
161,Evelyn,13,800
162,Ferdinand,21,700
163,Alice,11,300
164,Bob,11,600
165,Carla,12,900
166,Daniel,12,1000
168,Ferdinand,21,700
169,Alice,11,300
170,Bob,11,600
171,Carla,12,900
172,Daniel,12,1000
173,Evelyn,13,800
174,Ferdinand,21,700
176,Bob,11,600
177,Carla,12,900
178,Daniel,12,1000
179,Evelyn,13,800
180,Ferdinand,21,700
181,Alice,11,300
182,Bob,11,600
184,Daniel,12,1000
185,Evelyn,13,800
186,Ferdinand,21,700
187,Alice,11,300
188,Bob,11,600
189,Carla,12,900
190,Daniel,12,1000
192,Ferdinand,21,700
193,Alice,11,300
194,Bob,11,600
195,Carla,12,900
196,Daniel,12,1000
197,Evelyn,13,800
198,Ferdinand,21,700
